,recp_id,zinc_id,confidence_score,ptm,iptm,ligand_iptm,protein_iptm,complex_plddt,complex_iplddt,complex_pde,complex_ipde,chains_ptm,pair_chains_iptm,affinity_pred_value,affinity_probability_binary,affinity_pred_value1,affinity_probability_binary1,affinity_pred_value2,affinity_probability_binary2
0,0,ZINCpA000000ELTE,0.949051,0.9515679,0.9565055,0.9565055,0,0.9471874,0.91127396,0.3247647,0.5072515,[0.9536791 0.9266864],"[array([0.9536791 , 0.63161904], dtype=float32)
 array([0.9565055, 0.9266864], dtype=float32)]",0.1944423,0.25829315,-0.46021092,0.24530843,0.8490955,0.2712779
1,0,ZINCpz0000008s0S,0.94564956,0.9566737,0.94988513,0.94988513,0,0.9445907,0.8948004,0.33181092,0.5437943,[0.95914775 0.9203141 ],"[array([0.95914775, 0.6508816 ], dtype=float32)
 array([0.94988513, 0.9203141 ], dtype=float32)]",-0.24455813,0.7396877,-0.6932157,0.76313406,0.20409948,0.71624136
2,0,ZINCkt000000wVLO,0.9537412,0.9614981,0.9647972,0.9647972,0,0.9509772,0.9089018,0.3092734,0.44168565,[0.96169525 0.8887428 ],"[array([0.96169525, 0.5667199 ], dtype=float32)
 array([0.9647972, 0.8887428], dtype=float32)]",-0.27831456,0.66409516,-1.0426975,0.87831384,0.48606843,0.44987655
3,0,ZINCpq00000iEPHq,0.9409496,0.95793366,0.94828135,0.94828135,0,0.93911666,0.8798304,0.33318472,0.5460532,[0.9613173  0.91365933],"[array([0.9613173 , 0.57440066], dtype=float32)
 array([0.94828135, 0.91365933], dtype=float32)]",-0.44912457,0.6754273,-0.89598924,0.80927914,-0.002259921,0.54157543
4,0,ZINCmq00000bhzoq,0.9299803,0.94179124,0.93062466,0.93062466,0,0.9298192,0.85937065,0.3776469,0.6544905,[0.9442747 0.8663908],"[array([0.9442747 , 0.48594508], dtype=float32)
 array([0.93062466, 0.8663908 ], dtype=float32)]",0.050176173,0.5591478,-0.8361184,0.88486034,0.93647075,0.2334352
5,0,ZINCpn00000FbvnD,0.95345396,0.9583353,0.9718036,0.9718036,0,0.94886655,0.925421,0.3092633,0.41591704,[0.9573785 0.9196593],"[array([0.9573785, 0.6474039], dtype=float32)
 array([0.9718036, 0.9196593], dtype=float32)]",0.30774346,0.6686568,0.2321403,0.7207052,0.38334662,0.61660844
6,0,ZINCkp00000667zY,0.95710814,0.9500614,0.97120154,0.97120154,0,0.95358473,0.9526781,0.3194456,0.40853345,[0.94816184 0.91508096],"[array([0.94816184, 0.68326974], dtype=float32)
 array([0.97120154, 0.91508096], dtype=float32)]",1.1866822,0.3708977,1.3158497,0.45147872,1.0575147,0.2903167
7,0,ZINCkw00000117Dp,0.9454093,0.9459681,0.9597048,0.9597048,0,0.9418354,0.91991514,0.3374666,0.4906566,[0.94627637 0.9118524 ],"[array([0.94627637, 0.62741566], dtype=float32)
 array([0.9597048, 0.9118524], dtype=float32)]",0.06969604,0.523418,-0.36298025,0.6556363,0.5023723,0.39119968
8,0,ZINClz000007A4bg,0.93231755,0.9388307,0.9483183,0.9483183,0,0.92831737,0.85974777,0.35894814,0.5656086,[0.93956304 0.93668586],"[array([0.93956304, 0.6079475 ], dtype=float32)
 array([0.9483183 , 0.93668586], dtype=float32)]",0.06831677,0.28995547,-0.07653943,0.29483098,0.21317297,0.28507996
9,0,ZINCoI000000JpJ4,0.9306488,0.9542542,0.9489591,0.9489591,0,0.92607117,0.836203,0.34252167,0.5745883,[0.9555286  0.85654056],"[array([0.9555286 , 0.49498928], dtype=float32)
 array([0.9489591 , 0.85654056], dtype=float32)]",-0.38626602,0.77644557,-0.74050117,0.8558756,-0.03203086,0.6970155
10,0,ZINCoE00000060qk,0.93834203,0.9482464,0.9610874,0.9610874,0,0.9326557,0.8687813,0.3348153,0.4901041,[0.9480557 0.8163934],"[array([0.9480557 , 0.51488656], dtype=float32)
 array([0.9610874, 0.8163934], dtype=float32)]",-0.4691768,0.63437116,-1.0404062,0.8902561,0.102052614,0.37848622
11,0,ZINCnv000001GkVg,0.95497113,0.95017326,0.9635399,0.9635399,0,0.95282894,0.9524602,0.34066173,0.47763154,[0.94971836 0.9274293 ],"[array([0.94971836, 0.65648574], dtype=float32)
 array([0.9635399, 0.9274293], dtype=float32)]",0.66530335,0.5770497,-0.03760761,0.8288115,1.3682142,0.3252878
12,0,ZINCoz000005lmWl,0.9528441,0.9538068,0.97146153,0.97146153,0,0.9481896,0.9280432,0.31954488,0.41604245,[0.951811   0.91591805],"[array([0.951811  , 0.63740313], dtype=float32)
 array([0.97146153, 0.91591805], dtype=float32)]",0.3619408,0.7557471,0.7505917,0.83821857,-0.026710082,0.6732756
13,0,ZINCmK000003axpB,0.95012534,0.95887196,0.96778595,0.96778595,0,0.9457102,0.9242065,0.31465033,0.4490028,[0.9587702 0.9081239],"[array([0.9587702 , 0.63688123], dtype=float32)
 array([0.96778595, 0.9081239 ], dtype=float32)]",-0.021739677,0.493124,0.30091298,0.49644595,-0.34439233,0.48980206
14,0,ZINCnH000002yqBh,0.93478566,0.9559135,0.9637398,0.9637398,0,0.9275471,0.8509403,0.32214478,0.47510722,[0.9552794 0.8897341],"[array([0.9552794, 0.5986563], dtype=float32)
 array([0.9637398, 0.8897341], dtype=float32)]",-0.26128933,0.59946537,-0.8311879,0.71682805,0.30860925,0.4821027
15,0,ZINCiy000001Tcn3,0.9547171,0.96218926,0.97299737,0.97299737,0,0.950147,0.9341865,0.2985964,0.4005036,[0.96244454 0.9390681 ],"[array([0.96244454, 0.6564837 ], dtype=float32)
 array([0.97299737, 0.9390681 ], dtype=float32)]",-0.57879317,0.54971516,-0.8674219,0.76574713,-0.29016447,0.33368316
16,0,ZINCoH000003qJyQ,0.9541871,0.9620399,0.98124784,0.98124784,0,0.9474219,0.91191286,0.29575765,0.36924103,[0.96049386 0.9420144 ],"[array([0.96049386, 0.70223397], dtype=float32)
 array([0.98124784, 0.9420144 ], dtype=float32)]",-1.4272084,0.9119216,-1.6035937,0.98721164,-1.250823,0.83663154
17,0,ZINClx000001Ik0P,0.95585203,0.9420736,0.95938176,0.95938176,0,0.95496964,0.9530147,0.34135112,0.48750648,[0.9421578 0.8835776],"[array([0.9421578, 0.5635336], dtype=float32)
 array([0.95938176, 0.8835776 ], dtype=float32)]",-0.060283482,0.6419189,-0.825055,0.8980887,0.70448804,0.3857491
18,0,ZINCmz000000ycnR,0.94237673,0.9455659,0.971578,0.971578,0,0.9350764,0.860343,0.32489333,0.42672455,[0.9439763  0.96241224],"[array([0.9439763, 0.7070396], dtype=float32)
 array([0.971578  , 0.96241224], dtype=float32)]",-0.757208,0.76204175,-1.5311898,0.99065757,0.016773865,0.5334259
19,0,ZINCnr00000mNX9k,0.95569956,0.9591899,0.9615222,0.9615222,0,0.9542439,0.9395215,0.3165568,0.46389762,[0.95990217 0.89983046],"[array([0.95990217, 0.6327334 ], dtype=float32)
 array([0.9615222 , 0.89983046], dtype=float32)]",-0.26223353,0.5801381,-1.4123957,0.81430936,0.88792866,0.3459668
20,0,ZINCmw000004m6Pw,0.9627802,0.9592473,0.9813833,0.9813833,0,0.95812947,0.9637503,0.29933745,0.34878874,[0.95702887 0.896343  ],"[array([0.95702887, 0.6672259 ], dtype=float32)
 array([0.9813833, 0.896343 ], dtype=float32)]",-0.71809447,0.7844609,-1.1879119,0.97418445,-0.2482771,0.5947373
21,0,ZINCky000001sSGq,0.9277684,0.94751287,0.9499826,0.9499826,0,0.92221487,0.80668265,0.34125632,0.53697515,[0.94820327 0.8786695 ],"[array([0.94820327, 0.504087  ], dtype=float32)
 array([0.9499826, 0.8786695], dtype=float32)]",-0.63977706,0.59269214,-1.1859717,0.89111376,-0.09358242,0.29427046
22,0,ZINCmr000004354I,0.96414566,0.95663375,0.97869354,0.97869354,0,0.9605087,0.9679885,0.3027258,0.37748897,[0.95503145 0.93789893],"[array([0.95503145, 0.6584455 ], dtype=float32)
 array([0.97869354, 0.93789893], dtype=float32)]",0.26338413,0.6125708,-0.03671325,0.70648515,0.5634815,0.5186565
23,0,ZINClF000003hkwl,0.9488595,0.95416707,0.9620519,0.9620519,0,0.94556135,0.9035675,0.32253236,0.4813236,[0.95401186 0.8683446 ],"[array([0.95401186, 0.53828883], dtype=float32)
 array([0.9620519, 0.8683446], dtype=float32)]",-0.7921376,0.82075775,-1.1036308,0.8877114,-0.4806444,0.75380415
24,0,ZINCpK000002io2O,0.91967326,0.94106877,0.9281823,0.9281823,0,0.917546,0.8112535,0.3769294,0.6797448,[0.9442868  0.84668875],"[array([0.9442868, 0.4740168], dtype=float32)
 array([0.9281823 , 0.84668875], dtype=float32)]",-0.4562871,0.7317206,-0.62538636,0.8069283,-0.2871878,0.656513
25,0,ZINCip0000022jC2,0.9512642,0.9659612,0.9734106,0.9734106,0,0.9457276,0.9166197,0.30117616,0.40401137,[0.96555287 0.96083254],"[array([0.96555287, 0.68723965], dtype=float32)
 array([0.9734106 , 0.96083254], dtype=float32)]",0.22699276,0.6278749,-0.34311593,0.89769864,0.79710144,0.3580512
26,0,ZINCpw000000nuds,0.9683167,0.97213,0.98922753,0.98922753,0,0.9630889,0.9746312,0.27398288,0.2921077,[0.97004604 0.98278433],"[array([0.97004604, 0.8602559 ], dtype=float32)
 array([0.98922753, 0.98278433], dtype=float32)]",0.47336662,0.4335456,0.90566194,0.5059781,0.04107132,0.3611131
27,0,ZINCom00000qn5AP,0.95921963,0.95582664,0.97702664,0.97702664,0,0.9547679,0.9674668,0.31614846,0.3865853,[0.9538182 0.9138251],"[array([0.9538182 , 0.66192216], dtype=float32)
 array([0.97702664, 0.9138251 ], dtype=float32)]",1.097097,0.693824,1.1840569,0.9453509,1.0101372,0.44229713
28,0,ZINCjz000003vS6I,0.9346103,0.9567752,0.973826,0.973826,0,0.9248063,0.8021224,0.30691308,0.39789835,[0.95524955 0.9074849 ],"[array([0.95524955, 0.62439317], dtype=float32)
 array([0.973826 , 0.9074849], dtype=float32)]",-0.41233808,0.5858797,-0.3656599,0.7451888,-0.45901626,0.42657056
29,0,ZINCiy000001Wk2z,0.9473061,0.9507849,0.96516365,0.96516365,0,0.9428417,0.89509875,0.32806754,0.46650487,[0.9501205  0.91534346],"[array([0.9501205 , 0.60359985], dtype=float32)
 array([0.96516365, 0.91534346], dtype=float32)]",0.28910094,0.58954096,-0.010760753,0.663551,0.5889626,0.51553094
30,0,ZINClF000003jRTM,0.9566483,0.9481557,0.9646466,0.9646466,0,0.9546487,0.95481974,0.3246032,0.44846404,[0.9489234  0.92202747],"[array([0.9489234, 0.6860559], dtype=float32)
 array([0.9646466 , 0.92202747], dtype=float32)]",0.13260037,0.33519322,-0.285137,0.50637925,0.55033773,0.16400722
31,0,ZINCn8000000pC1c,0.89985627,0.9370826,0.8591012,0.8591012,0,0.910045,0.76248825,0.4530772,1.021238,[0.9473905  0.83301574],"[array([0.9473905 , 0.39267504], dtype=float32)
 array([0.8591012 , 0.83301574], dtype=float32)]",0.8079815,0.0905983,0.2604675,0.11930207,1.3554955,0.06189452
32,0,ZINCip00000y7yty,0.91544884,0.947722,0.8717649,0.8717649,0,0.92636985,0.80883783,0.38871828,0.9302403,[0.9563505 0.8253234],"[array([0.9563505 , 0.33804628], dtype=float32)
 array([0.8717649, 0.8253234], dtype=float32)]",-0.45153594,0.7116127,-0.5174672,0.9124117,-0.3856047,0.5108137
33,0,ZINCjs00000bHgz4,0.93620414,0.9583972,0.94833446,0.94833446,0,0.93317163,0.83649045,0.32579648,0.5439867,[0.9603078 0.9135049],"[array([0.9603078, 0.5551192], dtype=float32)
 array([0.94833446, 0.9135049 ], dtype=float32)]",0.14362475,0.5740592,0.1916998,0.78680074,0.0955497,0.3613176
34,0,ZINCmF0000027zFr,0.95456547,0.9582357,0.97005075,0.97005075,0,0.9506941,0.92518216,0.30309212,0.41862047,[0.9578576  0.87882644],"[array([0.9578576, 0.6156666], dtype=float32)
 array([0.97005075, 0.87882644], dtype=float32)]",-1.4860739,0.8682704,-1.9906198,0.9921171,-0.981528,0.7444237
35,0,ZINCon00000qn4ST,0.95388156,0.95968634,0.9674596,0.9674596,0,0.9504871,0.92551136,0.3074769,0.4389657,[0.9594436 0.9535269],"[array([0.9594436 , 0.68995357], dtype=float32)
 array([0.9674596, 0.9535269], dtype=float32)]",0.40084988,0.26386786,-0.08556025,0.34703773,0.88726,0.18069798
36,0,ZINClx000001IBD6,0.93636984,0.95195377,0.9545756,0.9545756,0,0.9318183,0.84036547,0.32607722,0.5270503,[0.9528779 0.8501255],"[array([0.9528779 , 0.50923955], dtype=float32)
 array([0.9545756, 0.8501255], dtype=float32)]",0.0235997,0.53054065,-0.2714015,0.68553805,0.3186009,0.3755432
37,0,ZINCks000003pnKn,0.9548149,0.9528707,0.9525998,0.9525998,0,0.9553687,0.9555429,0.33711565,0.5353702,[0.9539023  0.89344496],"[array([0.9539023 , 0.56368995], dtype=float32)
 array([0.9525998 , 0.89344496], dtype=float32)]",0.5223438,0.5850581,0.3916098,0.7887281,0.65307784,0.38138807
38,0,ZINCoM000005lNXy,0.9544098,0.95123714,0.96730566,0.96730566,0,0.9511859,0.9387477,0.32313842,0.44527838,[0.9502994 0.9432082],"[array([0.9502994 , 0.61564434], dtype=float32)
 array([0.96730566, 0.9432082 ], dtype=float32)]",-1.5871735,0.8457092,-2.1781797,0.9962948,-0.99616724,0.6951237
39,0,ZINCmp0000085yKU,0.94413567,0.95993733,0.96675813,0.96675813,0,0.9384801,0.88962775,0.31076282,0.438221,[0.95959604 0.9149757 ],"[array([0.95959604, 0.58839244], dtype=float32)
 array([0.96675813, 0.9149757 ], dtype=float32)]",0.14253779,0.4764813,-0.26252547,0.749146,0.54760104,0.20381658
40,0,ZINCoG000003hTjB,0.9559232,0.95721567,0.9653971,0.9653971,0,0.9535547,0.9501647,0.31719756,0.43526834,[0.95688295 0.89534086],"[array([0.95688295, 0.74784666], dtype=float32)
 array([0.9653971 , 0.89534086], dtype=float32)]",-0.7938603,0.79354477,-1.0657994,0.94523764,-0.5219212,0.64185184
41,0,ZINCjo000003HE5k,0.9532753,0.95140463,0.96268505,0.96268505,0,0.95092285,0.9421879,0.32905245,0.47092006,[0.95085734 0.9105267 ],"[array([0.95085734, 0.535687  ], dtype=float32)
 array([0.96268505, 0.9105267 ], dtype=float32)]",-0.17038065,0.4295274,-0.64375335,0.53531593,0.30299205,0.3237389
42,0,ZINCnx000002upQj,0.9323527,0.957752,0.95247734,0.95247734,0,0.92732155,0.8404926,0.32821354,0.52465034,[0.9597514 0.8519955],"[array([0.9597514, 0.5319941], dtype=float32)
 array([0.95247734, 0.8519955 ], dtype=float32)]",-0.39219797,0.6696772,-1.1471893,0.8584236,0.36279333,0.48093078
43,0,ZINCoz000003zFE6,0.8936197,0.9412818,0.87394834,0.87394834,0,0.8985375,0.7188197,0.450801,0.99719745,[0.9511904 0.7847329],"[array([0.9511904 , 0.36057866], dtype=float32)
 array([0.87394834, 0.7847329 ], dtype=float32)]",-0.101126276,0.7813107,-0.34304696,0.8521756,0.14079441,0.71044576
44,0,ZINCkF000002nMxP,0.92570275,0.94182855,0.9346497,0.9346497,0,0.923466,0.8367866,0.37225085,0.64009,[0.94370955 0.8738172 ],"[array([0.94370955, 0.46863306], dtype=float32)
 array([0.9346497, 0.8738172], dtype=float32)]",0.20209922,0.54576826,0.38264877,0.65189415,0.021549676,0.43964234
45,0,ZINCou0000007UdW,0.94666874,0.95205635,0.93870044,0.93870044,0,0.9486608,0.91931933,0.34898275,0.6005088,[0.95483917 0.8581837 ],"[array([0.95483917, 0.6033087 ], dtype=float32)
 array([0.93870044, 0.8581837 ], dtype=float32)]",-0.7474835,0.7297442,-1.5915779,0.92970896,0.09661091,0.5297795
46,0,ZINCpJ000001XZKl,0.9571905,0.96771854,0.97081184,0.97081184,0,0.9537852,0.9392273,0.29440755,0.4177131,[0.9682385 0.9294428],"[array([0.9682385, 0.7213719], dtype=float32)
 array([0.97081184, 0.9294428 ], dtype=float32)]",-1.2176448,0.80699855,-1.7659259,0.94747454,-0.6693637,0.66652256
47,0,ZINCoG000003RAxv,0.94780177,0.9471916,0.94444346,0.94444346,0,0.94864136,0.9135272,0.35241097,0.5883011,[0.94872826 0.8216968 ],"[array([0.94872826, 0.5193454 ], dtype=float32)
 array([0.94444346, 0.8216968 ], dtype=float32)]",-0.16100165,0.62496305,-0.45972952,0.6925396,0.1377262,0.55738646
48,0,ZINCnv00000mNUJ1,0.9466049,0.96053433,0.95882726,0.95882726,0,0.9435493,0.91009074,0.3137908,0.48927185,[0.96296394 0.9385237 ],"[array([0.96296394, 0.6496744 ], dtype=float32)
 array([0.95882726, 0.9385237 ], dtype=float32)]",0.44010386,0.22446606,-0.001895666,0.19738632,0.8821034,0.2515458
49,0,ZINCkt000000xtlT,0.95439476,0.95357245,0.9747124,0.9747124,0,0.9493153,0.9213799,0.31018966,0.40796566,[0.9522579 0.9165935],"[array([0.9522579, 0.6469399], dtype=float32)
 array([0.9747124, 0.9165935], dtype=float32)]",-0.24642736,0.60626084,-0.75423366,0.6836846,0.26137894,0.5288371
50,0,ZINCpF000000GGNd,0.93165016,0.9550152,0.9486345,0.9486345,0,0.9274041,0.8502,0.3454719,0.54702455,[0.956537  0.8988295],"[array([0.956537  , 0.54715455], dtype=float32)
 array([0.9486345, 0.8988295], dtype=float32)]",-0.041054375,0.56470615,-0.10433355,0.5364908,0.022224795,0.5929215
51,0,ZINCmD000001EoqR,0.9497526,0.9579638,0.97191983,0.97191983,0,0.94421077,0.89428717,0.3071753,0.4321773,[0.957725   0.92423445],"[array([0.957725 , 0.6544914], dtype=float32)
 array([0.97191983, 0.92423445], dtype=float32)]",-0.31041196,0.7711054,-0.69801116,0.98801106,0.077187225,0.55419976
52,0,ZINCot00000juYmT,0.9523776,0.95048475,0.9603355,0.9603355,0,0.95038813,0.93252695,0.3297292,0.48604634,[0.95022225 0.88148063],"[array([0.95022225, 0.55574507], dtype=float32)
 array([0.9603355 , 0.88148063], dtype=float32)]",1.1898543,0.2255654,0.6441185,0.30703887,1.73559,0.14409192
53,0,ZINCkp000006c4GX,0.9400957,0.95328933,0.9477153,0.9477153,0,0.9381909,0.88428664,0.34366202,0.54678065,[0.9544987 0.892651 ],"[array([0.9544987 , 0.50251853], dtype=float32)
 array([0.9477153, 0.892651 ], dtype=float32)]",0.26483858,0.6818751,0.20175084,0.8121972,0.3279263,0.55155295
54,0,ZINClv000001hY4j,0.96301615,0.9587752,0.9780653,0.9780653,0,0.95925385,0.95271254,0.29723507,0.37490153,[0.95762646 0.92761815],"[array([0.95762646, 0.63138336], dtype=float32)
 array([0.9780653 , 0.92761815], dtype=float32)]",0.016707078,0.24857515,-0.33480552,0.19406565,0.36821967,0.30308467
55,0,ZINCjv00000312es,0.9381957,0.9533062,0.9504716,0.9504716,0,0.9351267,0.86379445,0.32898518,0.5429935,[0.9556684  0.87944037],"[array([0.9556684, 0.5460161], dtype=float32)
 array([0.9504716 , 0.87944037], dtype=float32)]",-0.82903534,0.6974967,-0.8306408,0.7752447,-0.8274299,0.6197487
56,0,ZINCmE000001QaT0,0.9542028,0.9540979,0.9693289,0.9693289,0,0.9504212,0.94170594,0.32234395,0.44033664,[0.9532951  0.90427047],"[array([0.9532951, 0.6033366], dtype=float32)
 array([0.9693289 , 0.90427047], dtype=float32)]",-0.8873658,0.89605105,-1.1204178,0.9784838,-0.65431374,0.81361824
57,0,ZINCko0000064KE2,0.9458763,0.93824947,0.96835566,0.96835566,0,0.9402565,0.9102794,0.3446475,0.45157355,[0.9362149 0.9202564],"[array([0.9362149, 0.6123467], dtype=float32)
 array([0.96835566, 0.9202564 ], dtype=float32)]",0.63665223,0.19501111,0.6804255,0.13715336,0.5928789,0.25286886
58,0,ZINCoI000000PDTt,0.9502849,0.95426947,0.9683947,0.9683947,0,0.94575745,0.9135672,0.3206031,0.4334545,[0.9534251 0.8619647],"[array([0.9534251, 0.5461378], dtype=float32)
 array([0.9683947, 0.8619647], dtype=float32)]",-0.7158099,0.91185606,-0.38295427,0.97576594,-1.0486655,0.8479462
59,0,ZINClG000003vcYl,0.94666445,0.9549347,0.95669293,0.95669293,0,0.94415736,0.90352756,0.32643417,0.48350853,[0.95517415 0.93168163],"[array([0.95517415, 0.66153747], dtype=float32)
 array([0.95669293, 0.93168163], dtype=float32)]",-0.6629658,0.72903085,-1.030514,0.93012524,-0.2954175,0.5279364
60,0,ZINCmv000004iE8f,0.9582967,0.9507607,0.96970826,0.96970826,0,0.95544374,0.9457104,0.31806865,0.4328376,[0.9497878 0.9272762],"[array([0.9497878 , 0.61673456], dtype=float32)
 array([0.96970826, 0.9272762 ], dtype=float32)]",-0.22488129,0.6574375,-0.23673798,0.7646841,-0.21302462,0.5501909
61,0,ZINCnx000002rUVE,0.9487571,0.94279885,0.9612941,0.9612941,0,0.94562286,0.92560273,0.3417043,0.45597768,[0.9415715 0.924658 ],"[array([0.9415715, 0.6975852], dtype=float32)
 array([0.9612941, 0.924658 ], dtype=float32)]",0.24274492,0.8079021,-0.02178771,0.9353408,0.50727755,0.6804634
62,0,ZINCoE000002LtJv,0.9515886,0.9579421,0.9693178,0.9693178,0,0.9471562,0.91730934,0.31291214,0.42290047,[0.9569704  0.94334644],"[array([0.9569704, 0.6926201], dtype=float32)
 array([0.9693178 , 0.94334644], dtype=float32)]",0.079922296,0.45514008,0.27790725,0.566347,-0.11806266,0.34393317
63,0,ZINCox000000PwaW,0.96082824,0.96062887,0.9764946,0.9764946,0,0.9569116,0.95484525,0.2940748,0.36739427,[0.96009845 0.914626  ],"[array([0.96009845, 0.64584595], dtype=float32)
 array([0.9764946, 0.914626 ], dtype=float32)]",-0.579265,0.6332301,-1.1218735,0.74529314,-0.036656465,0.521167
64,0,ZINCoD00000195a9,0.92824167,0.94852895,0.9485117,0.9485117,0,0.92317414,0.8187906,0.3403545,0.5703988,[0.94950795 0.9032403 ],"[array([0.94950795, 0.615084  ], dtype=float32)
 array([0.9485117, 0.9032403], dtype=float32)]",0.4949158,0.50422823,0.23063183,0.5957179,0.7591998,0.4127386
65,0,ZINCnE000001Uw0C,0.9506084,0.9516332,0.965314,0.965314,0,0.94693196,0.92565024,0.32887805,0.46127793,[0.951      0.86925733],"[array([0.951     , 0.57200265], dtype=float32)
 array([0.965314  , 0.86925733], dtype=float32)]",0.21473096,0.6821489,-0.10695139,0.79853326,0.5364133,0.5657645
66,0,ZINCny000002Hm0T,0.92525256,0.9571905,0.9604748,0.9604748,0,0.916447,0.7853344,0.3216342,0.4970834,[0.9585181 0.9226991],"[array([0.9585181, 0.5990306], dtype=float32)
 array([0.9604748, 0.9226991], dtype=float32)]",-0.5931628,0.7740772,-0.6809902,0.89045763,-0.5053353,0.6576968
67,0,ZINCnp000009fX9j,0.94836915,0.9599796,0.9663014,0.9663014,0,0.9438861,0.89299476,0.3086178,0.43568394,[0.9604548 0.9278316],"[array([0.9604548, 0.6177657], dtype=float32)
 array([0.9663014, 0.9278316], dtype=float32)]",-0.003298044,0.3792479,-0.18918328,0.32345974,0.18258719,0.4350361
68,0,ZINCin000001Wsph,0.9609712,0.9613839,0.97760624,0.97760624,0,0.9568124,0.96336293,0.30060148,0.37114626,[0.96007186 0.9136822 ],"[array([0.96007186, 0.6449989 ], dtype=float32)
 array([0.97760624, 0.9136822 ], dtype=float32)]",0.24007115,0.8582788,0.15734048,0.9708201,0.32280183,0.7457375
69,0,ZINCps000000t8aW,0.954209,0.9501959,0.9782565,0.9782565,0,0.9481972,0.9400984,0.31965655,0.37273645,[0.94669676 0.9628    ],"[array([0.94669676, 0.7847113 ], dtype=float32)
 array([0.9782565, 0.9628   ], dtype=float32)]",0.80800843,0.26213038,0.55748713,0.17495733,1.0585297,0.3493034
70,0,ZINCnr000006dl0x,0.949632,0.9503238,0.9383642,0.9383642,0,0.95244896,0.9308832,0.34430262,0.5934436,[0.9544146  0.91434175],"[array([0.9544146, 0.6153538], dtype=float32)
 array([0.9383642 , 0.91434175], dtype=float32)]",1.9134189,0.37284952,1.7818577,0.62445486,2.04498,0.12124419
71,0,ZINCj8000002pEWb,0.95617455,0.9525516,0.95904934,0.95904934,0,0.9554559,0.9423267,0.32727075,0.48840964,[0.95227325 0.9084717 ],"[array([0.95227325, 0.63741153], dtype=float32)
 array([0.95904934, 0.9084717 ], dtype=float32)]",0.54223335,0.5665883,0.12749434,0.8108935,0.9569724,0.32228303
72,0,ZINCpE000000nEbp,0.8902221,0.92817664,0.8496245,0.8496245,0,0.90037143,0.72994536,0.46580142,1.1821569,[0.94101673 0.7830483 ],"[array([0.94101673, 0.31193075], dtype=float32)
 array([0.8496245, 0.7830483], dtype=float32)]",0.055716574,0.49093792,-0.32971096,0.43057364,0.4411441,0.5513022
73,0,ZINClv000001jOTu,0.95069164,0.9489484,0.9503422,0.9503422,0,0.9507789,0.9228041,0.33926508,0.5512965,[0.9498161 0.888674 ],"[array([0.9498161 , 0.55926543], dtype=float32)
 array([0.9503422, 0.888674 ], dtype=float32)]",-0.34529883,0.557751,-1.1176285,0.7117101,0.42703083,0.40379187
74,0,ZINCnq0000002kcm,0.954857,0.95862937,0.97205746,0.97205746,0,0.9505569,0.93031317,0.30773094,0.413115,[0.9575236 0.9362222],"[array([0.9575236 , 0.65167797], dtype=float32)
 array([0.97205746, 0.9362222 ], dtype=float32)]",-0.2559937,0.53110975,-1.0579723,0.7510408,0.5459849,0.31117865
75,0,ZINCnv000006vVrt,0.92584485,0.9448421,0.9642782,0.9642782,0,0.9162365,0.8144865,0.34630993,0.47047007,[0.9430302 0.9335419],"[array([0.9430302, 0.6616634], dtype=float32)
 array([0.9642782, 0.9335419], dtype=float32)]",-0.010389276,0.5871245,-0.08442047,0.7561205,0.06364192,0.41812852
76,0,ZINCkA00000aVCQt,0.9491438,0.95347697,0.96064454,0.96064454,0,0.9462686,0.9102846,0.32488677,0.47474083,[0.95338196 0.91836447],"[array([0.95338196, 0.5955804 ], dtype=float32)
 array([0.96064454, 0.91836447], dtype=float32)]",-0.6917768,0.7511308,-1.2624971,0.9813324,-0.12105654,0.52092916
77,0,ZINCnP00000cks7L,0.92047995,0.9508634,0.93439394,0.93439394,0,0.9170014,0.795604,0.3553007,0.64844984,[0.9540612 0.8535637],"[array([0.9540612 , 0.46192473], dtype=float32)
 array([0.93439394, 0.8535637 ], dtype=float32)]",-0.58016825,0.76277584,-0.77659255,0.9095754,-0.3837439,0.6159763
78,0,ZINCoz00000k3KUL,0.95539296,0.9634122,0.94877326,0.94877326,0,0.9570479,0.9411282,0.31649745,0.507199,[0.9663756  0.85929686],"[array([0.9663756, 0.6037577], dtype=float32)
 array([0.94877326, 0.85929686], dtype=float32)]",-0.7622647,0.6849485,-1.1690154,0.71480125,-0.355514,0.65509576
79,0,ZINClm000008lP4J,0.9236417,0.9456269,0.8967584,0.8967584,0,0.93036246,0.85145485,0.39533108,0.888717,[0.9521948 0.8848487],"[array([0.9521948 , 0.55675316], dtype=float32)
 array([0.8967584, 0.8848487], dtype=float32)]",0.38827828,0.27625307,0.029580042,0.1780534,0.7469765,0.37445277
80,0,ZINCmo000006BBL9,0.9513346,0.96453047,0.967398,0.967398,0,0.94731873,0.92556,0.30617887,0.43579108,[0.9651967 0.9126893],"[array([0.9651967, 0.5684356], dtype=float32)
 array([0.967398 , 0.9126893], dtype=float32)]",0.40715984,0.6759664,-0.29818243,0.79198146,1.1125021,0.55995136
81,0,ZINClI000003LF1w,0.935914,0.9475273,0.92991775,0.92991775,0,0.937413,0.87565255,0.36003545,0.6637861,[0.9509385  0.83142143],"[array([0.9509385 , 0.47575563], dtype=float32)
 array([0.92991775, 0.83142143], dtype=float32)]",-0.8016356,0.76452565,-1.2474451,0.9907086,-0.35582617,0.53834265
82,0,ZINCih000001wtmg,0.9482743,0.95813674,0.9595513,0.9595513,0,0.9454551,0.894211,0.31654772,0.50385404,[0.95903075 0.84714687],"[array([0.95903075, 0.5213475 ], dtype=float32)
 array([0.9595513 , 0.84714687], dtype=float32)]",1.077867,0.23009482,0.74846196,0.2903525,1.4072722,0.16983715
83,0,ZINCjH00000bjjWH,0.91143054,0.94313854,0.90772724,0.90772724,0,0.91235644,0.76064503,0.3807897,0.7752307,[0.9477998 0.8684584],"[array([0.9477998 , 0.48887235], dtype=float32)
 array([0.90772724, 0.8684584 ], dtype=float32)]",-0.24361946,0.6371531,-0.45228872,0.8273094,-0.034950208,0.44699678
84,0,ZINCox000000M3Da,0.9471335,0.961095,0.97061914,0.97061914,0,0.94126207,0.89081156,0.3094874,0.42237797,[0.960786   0.92754567],"[array([0.960786  , 0.62874204], dtype=float32)
 array([0.97061914, 0.92754567], dtype=float32)]",-0.3402053,0.67712194,-0.5921104,0.7930149,-0.08830026,0.561229
85,0,ZINCmj000001w8RH,0.9594944,0.957886,0.97347766,0.97347766,0,0.95599854,0.95200557,0.30355024,0.39632586,[0.9564429  0.92406476],"[array([0.9564429 , 0.63841593], dtype=float32)
 array([0.97347766, 0.92406476], dtype=float32)]",0.579507,0.45344326,-0.058000445,0.6903954,1.2170144,0.21649112
86,0,ZINCms000000GYpt,0.9380231,0.9529406,0.9513868,0.9513868,0,0.9346822,0.8585571,0.3425809,0.5244315,[0.95391196 0.8777079 ],"[array([0.95391196, 0.557106  ], dtype=float32)
 array([0.9513868, 0.8777079], dtype=float32)]",-1.0429541,0.60106295,-1.925524,0.8464441,-0.16038409,0.35568184
87,0,ZINChq000000JyWK,0.9423016,0.9597096,0.9492078,0.9492078,0,0.94057494,0.8880973,0.32040125,0.53865165,[0.9609953  0.94654423],"[array([0.9609953 , 0.60837024], dtype=float32)
 array([0.9492078 , 0.94654423], dtype=float32)]",1.0961237,0.27549607,1.0231752,0.39451793,1.1690722,0.15647422
88,0,ZINCmm0000024zUy,0.9452279,0.95290476,0.961726,0.961726,0,0.9411034,0.9066847,0.32883546,0.47596005,[0.95267856 0.90606225],"[array([0.95267856, 0.59801966], dtype=float32)
 array([0.961726  , 0.90606225], dtype=float32)]",-0.17325726,0.5383331,-0.8915018,0.8496586,0.54498726,0.22700761
89,0,ZINCkx000001ejG7,0.95135134,0.95306414,0.96328706,0.96328706,0,0.9483674,0.93099654,0.31953952,0.44972888,[0.9537222 0.934174 ],"[array([0.9537222, 0.604586 ], dtype=float32)
 array([0.96328706, 0.934174  ], dtype=float32)]",0.6603456,0.36123836,0.61634547,0.5767888,0.70434576,0.14568792
90,0,ZINCmC000003CkEe,0.951728,0.9517356,0.96421367,0.96421367,0,0.94860655,0.93190795,0.33215433,0.49464285,[0.9517027 0.8996774],"[array([0.9517027, 0.5952544], dtype=float32)
 array([0.96421367, 0.8996774 ], dtype=float32)]",-1.3759339,0.8773978,-1.7734553,0.9964768,-0.97841257,0.7583187
91,0,ZINCoq0000008XWO,0.9562888,0.96155906,0.9689479,0.9689479,0,0.95312405,0.9401112,0.30798408,0.4355547,[0.9610849 0.8808306],"[array([0.9610849, 0.6312102], dtype=float32)
 array([0.9689479, 0.8808306], dtype=float32)]",1.2038434,0.321782,1.1668414,0.3436032,1.2408454,0.2999608
92,0,ZINCpy00000ugNZn,0.9427924,0.9564158,0.9587036,0.9587036,0,0.93881464,0.89717215,0.33003575,0.5231139,[0.95779544 0.8959532 ],"[array([0.95779544, 0.62964964], dtype=float32)
 array([0.9587036, 0.8959532], dtype=float32)]",-0.012319163,0.6803471,0.3770651,0.6642803,-0.40170342,0.6964139
93,0,ZINCnA000000xaEq,0.96126443,0.95484024,0.9783652,0.9783652,0,0.95698917,0.9530041,0.30548292,0.37091744,[0.952884   0.87807727],"[array([0.952884  , 0.66145676], dtype=float32)
 array([0.9783652 , 0.87807727], dtype=float32)]",0.23816285,0.1616596,-0.10503668,0.13661791,0.58136237,0.18670127
94,0,ZINCnk00000FoGrZ,0.9561412,0.95656544,0.96987927,0.96987927,0,0.95270663,0.9348564,0.30643427,0.4138116,[0.9561936 0.9143856],"[array([0.9561936 , 0.64972806], dtype=float32)
 array([0.96987927, 0.9143856 ], dtype=float32)]",0.56010467,0.55585754,-0.061104365,0.79017353,1.1813138,0.32154155
95,0,ZINCji00000366TI,0.96091634,0.9580932,0.98098683,0.98098683,0,0.95589864,0.9713501,0.30024022,0.3579529,[0.9560299 0.9763532],"[array([0.9560299, 0.7999489], dtype=float32)
 array([0.98098683, 0.9763532 ], dtype=float32)]",0.99756706,0.2728564,0.876746,0.32919967,1.1183882,0.21651316
96,0,ZINCmf000006hHQK,0.9599177,0.96545637,0.97655785,0.97655785,0,0.95575774,0.95688903,0.29422656,0.36359844,[0.9643015 0.9637712],"[array([0.9643015 , 0.72712916], dtype=float32)
 array([0.97655785, 0.9637712 ], dtype=float32)]",1.2115197,0.2722169,1.4631664,0.32592744,0.959873,0.21850632
97,0,ZINCks000000uwAW,0.9390568,0.946529,0.9543703,0.9543703,0,0.93522835,0.8698641,0.34260407,0.52568173,[0.9457425  0.94531083],"[array([0.9457425, 0.6554381], dtype=float32)
 array([0.9543703 , 0.94531083], dtype=float32)]",-0.13630463,0.64105964,-0.75968283,0.71155375,0.48707357,0.5705655
98,0,ZINCpL000007F5pY,0.9590951,0.9636543,0.9787959,0.9787959,0,0.9541699,0.9373466,0.29224992,0.37215593,[0.9627899 0.9222022],"[array([0.9627899, 0.6397929], dtype=float32)
 array([0.9787959, 0.9222022], dtype=float32)]",-0.5119388,0.61343193,-1.0758783,0.74419093,0.052000675,0.48267296
99,0,ZINCon000001pyrh,0.9338827,0.95849955,0.95765436,0.95765436,0,0.92793983,0.8376729,0.32117823,0.4929846,[0.95911336 0.87236035],"[array([0.95911336, 0.56620646], dtype=float32)
 array([0.95765436, 0.87236035], dtype=float32)]",0.5552255,0.32915008,0.20985726,0.50104064,0.9005937,0.1572595
100,0,ZINCnk000001MBIV,0.945457,0.9481459,0.9354137,0.9354137,0,0.9479678,0.9184366,0.34716114,0.61386424,[0.9523248 0.9203433],"[array([0.9523248 , 0.62083244], dtype=float32)
 array([0.9354137, 0.9203433], dtype=float32)]",0.52807957,0.3250678,0.21669236,0.33937684,0.83946675,0.31075874
101,0,ZINClI00000hFhcG,0.9272645,0.95851415,0.95037526,0.95037526,0,0.92148685,0.82140315,0.3319858,0.5540945,[0.96077937 0.83567166],"[array([0.96077937, 0.50127196], dtype=float32)
 array([0.95037526, 0.83567166], dtype=float32)]",-0.49211183,0.7104512,-0.21879332,0.7896688,-0.76543033,0.6312336
102,0,ZINCow000008WcmC,0.9541032,0.95228815,0.96920246,0.96920246,0,0.95032835,0.93168455,0.3189339,0.42248118,[0.95068246 0.93915963],"[array([0.95068246, 0.65136355], dtype=float32)
 array([0.96920246, 0.93915963], dtype=float32)]",0.478661,0.3974524,0.12415251,0.5463698,0.8331695,0.24853502
103,0,ZINCmA000000OTJO,0.95007795,0.96470153,0.96427834,0.96427834,0,0.9465278,0.91509664,0.30442485,0.4345568,[0.96593547 0.87526065],"[array([0.96593547, 0.60752743], dtype=float32)
 array([0.96427834, 0.87526065], dtype=float32)]",-1.1032591,0.74266124,-1.835773,0.96018165,-0.37074506,0.5251408
104,0,ZINCl9000006Ixpg,0.9327512,0.9524877,0.9575823,0.9575823,0,0.9265434,0.82835007,0.3352982,0.504323,[0.9521408 0.949346 ],"[array([0.9521408 , 0.67319065], dtype=float32)
 array([0.9575823, 0.949346 ], dtype=float32)]",2.0797017,0.23224688,2.5785618,0.33245754,1.5808415,0.13203622
105,0,ZINCnj00000FoGtf,0.9588419,0.9599875,0.9759773,0.9759773,0,0.9545581,0.9441732,0.29787433,0.3806266,[0.9583545  0.93467265],"[array([0.9583545 , 0.70581317], dtype=float32)
 array([0.9759773 , 0.93467265], dtype=float32)]",-0.442568,0.64174217,-1.1715523,0.984209,0.28641632,0.29927534
106,0,ZINCon000001qTHl,0.946918,0.9502981,0.9559807,0.9559807,0,0.9446524,0.9059741,0.33532098,0.4922981,[0.9510393 0.876339 ],"[array([0.9510393 , 0.52537155], dtype=float32)
 array([0.9559807, 0.876339 ], dtype=float32)]",0.41794112,0.63271505,0.096221924,0.8760079,0.7396603,0.38942215
107,0,ZINCoT000006AZwR,0.95191735,0.9608178,0.96368027,0.96368027,0,0.94897664,0.9179516,0.3079477,0.44654673,[0.9612559  0.84799933],"[array([0.9612559 , 0.63798577], dtype=float32)
 array([0.96368027, 0.84799933], dtype=float32)]",-0.30879468,0.49455267,-0.8612405,0.44635475,0.24365114,0.5427506
108,0,ZINCit000001ATwG,0.93930304,0.9575398,0.96003366,0.96003366,0,0.93412036,0.85029227,0.3186771,0.47772223,[0.9579676 0.9392795],"[array([0.9579676, 0.6633632], dtype=float32)
 array([0.96003366, 0.9392795 ], dtype=float32)]",0.40624657,0.29974896,0.73610526,0.2759285,0.07638787,0.32356942
109,0,ZINCkB000004ywKA,0.9403955,0.96306,0.95689327,0.95689327,0,0.93627095,0.85528773,0.31439173,0.51046526,[0.96489435 0.8987895 ],"[array([0.96489435, 0.5335799 ], dtype=float32)
 array([0.95689327, 0.8987895 ], dtype=float32)]",0.24511997,0.47188064,0.17504191,0.6446552,0.31519803,0.29910606
110,0,ZINCkw0000019ibN,0.903076,0.9415177,0.8615941,0.8615941,0,0.9134465,0.7638892,0.4273491,1.059987,[0.9517218  0.87230676],"[array([0.9517218 , 0.38239154], dtype=float32)
 array([0.8615941 , 0.87230676], dtype=float32)]",0.4709112,0.5086888,-0.28701463,0.8669373,1.228837,0.15044034
111,0,ZINChq00000dtaME,0.9538571,0.9476633,0.9573726,0.9573726,0,0.9529783,0.93398505,0.32836777,0.50616646,[0.94862086 0.93728465],"[array([0.94862086, 0.5656679 ], dtype=float32)
 array([0.9573726 , 0.93728465], dtype=float32)]",-0.26837826,0.15934965,-0.28219143,0.09290909,-0.2545651,0.2257902
112,0,ZINCms000000EC9a,0.93005365,0.94867504,0.95643175,0.95643175,0,0.92345905,0.8297859,0.34214813,0.5116528,[0.94847757 0.90018606],"[array([0.94847757, 0.5846735 ], dtype=float32)
 array([0.95643175, 0.90018606], dtype=float32)]",0.1692462,0.47901845,0.06236802,0.5622007,0.27612436,0.39583617
113,0,ZINCne0000011z1l,0.95696944,0.9526024,0.9768103,0.9768103,0,0.9520092,0.9642333,0.3193439,0.37767607,[0.9500597 0.9412647],"[array([0.9500597 , 0.66967297], dtype=float32)
 array([0.9768103, 0.9412647], dtype=float32)]",1.1251872,0.5585591,0.5966674,0.8119181,1.6537068,0.30520016
114,0,ZINCoC00000gZg1Z,0.9461921,0.95632327,0.9626288,0.9626288,0,0.9420829,0.91117364,0.32392606,0.47592095,[0.95757455 0.8951253 ],"[array([0.95757455, 0.5616125 ], dtype=float32)
 array([0.9626288, 0.8951253], dtype=float32)]",0.46045044,0.4269833,0.113772705,0.5433429,0.8071282,0.31062368
115,0,ZINCoe000008FXDT,0.9507454,0.94397867,0.94737905,0.94737905,0,0.95158696,0.93218964,0.35005707,0.58469325,[0.94408655 0.93162084],"[array([0.94408655, 0.6397989 ], dtype=float32)
 array([0.94737905, 0.93162084], dtype=float32)]",0.46048898,0.16534917,-0.08351851,0.07866564,1.0044965,0.2520327
116,0,ZINClk00000GeNzF,0.9417276,0.96322405,0.9649165,0.9649165,0,0.9359303,0.8755151,0.31142154,0.46794817,[0.9640905 0.9148479],"[array([0.9640905 , 0.62635344], dtype=float32)
 array([0.9649165, 0.9148479], dtype=float32)]",0.59457314,0.32847652,0.34763813,0.512757,0.8415082,0.14419602
117,0,ZINCjp00000dnYJb,0.9306226,0.9519836,0.9340424,0.9340424,0,0.92976767,0.8722254,0.35217392,0.6447763,[0.95570207 0.8790774 ],"[array([0.95570207, 0.5303339 ], dtype=float32)
 array([0.9340424, 0.8790774], dtype=float32)]",0.34275594,0.37959552,0.14711821,0.6158883,0.5383937,0.14330272
118,0,ZINCox00000eEFZF,0.94930667,0.95491296,0.9735245,0.9735245,0,0.94325227,0.8890085,0.30795655,0.4052538,[0.95355785 0.8866332 ],"[array([0.95355785, 0.62483835], dtype=float32)
 array([0.9735245, 0.8866332], dtype=float32)]",0.23797977,0.42133385,0.07456892,0.39744774,0.4013906,0.44521993
119,0,ZINClx000001Ik0H,0.95598716,0.9604298,0.96007067,0.96007067,0,0.95496625,0.9355276,0.3131025,0.48839206,[0.9618162 0.8902148],"[array([0.9618162, 0.5726959], dtype=float32)
 array([0.96007067, 0.8902148 ], dtype=float32)]",0.058395922,0.6086545,-0.39685696,0.6992697,0.5136488,0.5180392
120,0,ZINClD000002UHvs,0.9208004,0.95471734,0.9126229,0.9126229,0,0.92284477,0.81592995,0.37438977,0.78500867,[0.9606705 0.9085717],"[array([0.9606705 , 0.55059767], dtype=float32)
 array([0.9126229, 0.9085717], dtype=float32)]",-0.4360479,0.5024621,-0.29840776,0.5662711,-0.5736881,0.43865305
121,0,ZINCkH000002xsk4,0.92247593,0.95174474,0.9678821,0.9678821,0,0.9111244,0.78724265,0.32092714,0.424954,[0.95054203 0.9576893 ],"[array([0.95054203, 0.72473544], dtype=float32)
 array([0.9678821, 0.9576893], dtype=float32)]",-1.0619943,0.77356064,-1.1982414,0.92466253,-0.92574716,0.62245876
122,0,ZINCmA0000011Qu5,0.9614072,0.96500033,0.9813411,0.9813411,0,0.9564237,0.957626,0.29041117,0.3426384,[0.96358716 0.93620175],"[array([0.96358716, 0.66131693], dtype=float32)
 array([0.9813411 , 0.93620175], dtype=float32)]",-0.49055946,0.7246623,-1.3433594,0.9925632,0.36224046,0.45676142
123,0,ZINCpM000007I4LL,0.9491021,0.95042694,0.9699326,0.9699326,0,0.9438945,0.9196661,0.32255578,0.4294232,[0.9492817 0.945971 ],"[array([0.9492817, 0.6802868], dtype=float32)
 array([0.9699326, 0.945971 ], dtype=float32)]",-1.3566638,0.8296269,-1.915176,0.97566926,-0.7981517,0.6835846
124,0,ZINCoG000003acTU,0.94673234,0.9485142,0.95105946,0.95105946,0,0.9456505,0.90604615,0.34742174,0.5538353,[0.9488743 0.8888179],"[array([0.9488743, 0.5455888], dtype=float32)
 array([0.95105946, 0.8888179 ], dtype=float32)]",-0.54709494,0.64852947,-0.9660989,0.7677931,-0.12809093,0.5292658
125,0,ZINCpp000001N30a,0.95426387,0.9546533,0.9654371,0.9654371,0,0.9514706,0.9383147,0.31604445,0.44790503,[0.9543377 0.9371326],"[array([0.9543377 , 0.63664466], dtype=float32)
 array([0.9654371, 0.9371326], dtype=float32)]",0.13867903,0.49234426,-0.26604062,0.7439193,0.5433987,0.24076918
126,0,ZINClN0000015JwD,0.95983523,0.96681494,0.9778271,0.9778271,0,0.95533735,0.9461111,0.28629014,0.37417132,[0.9662168 0.8693149],"[array([0.9662168, 0.5891472], dtype=float32)
 array([0.9778271, 0.8693149], dtype=float32)]",-0.4738838,0.76793325,-1.0898515,0.9357965,0.14208391,0.60007
127,0,ZINCjt00000bHgmP,0.9255932,0.9536748,0.9165454,0.9165454,0,0.9278552,0.82360405,0.3586277,0.7253911,[0.9586707 0.8868849],"[array([0.9586707, 0.4818277], dtype=float32)
 array([0.9165454, 0.8868849], dtype=float32)]",-0.2512809,0.735191,-0.3947015,0.8842543,-0.10786033,0.58612776
128,0,ZINCnC000005lfIm,0.954447,0.96464247,0.97291523,0.97291523,0,0.9498299,0.923794,0.2942309,0.40287283,[0.9639909 0.8940795],"[array([0.9639909, 0.6679979], dtype=float32)
 array([0.97291523, 0.8940795 ], dtype=float32)]",0.054324955,0.5582935,-0.38447523,0.74839336,0.49312514,0.3681937
129,0,ZINCoh00000o7aG9,0.95596725,0.95689,0.97646207,0.97646207,0,0.9508436,0.95389986,0.30972576,0.37172404,[0.95496875 0.933365  ],"[array([0.95496875, 0.78645736], dtype=float32)
 array([0.97646207, 0.933365  ], dtype=float32)]",0.60855323,0.6881362,1.1866158,0.96512944,0.03049061,0.411143
130,0,ZINClf000007k4OV,0.95582145,0.9501132,0.96936953,0.96936953,0,0.95243436,0.9311378,0.31605414,0.41657063,[0.9483196  0.93150336],"[array([0.9483196, 0.6124992], dtype=float32)
 array([0.96936953, 0.93150336], dtype=float32)]",0.7088598,0.591965,0.7844788,0.7595857,0.6332409,0.4243444
131,0,ZINCox000004zEby,0.9142851,0.9440281,0.9091833,0.9091833,0,0.9155605,0.8039083,0.3869876,0.76428235,[0.9515303  0.87368214],"[array([0.9515303 , 0.42091733], dtype=float32)
 array([0.9091833 , 0.87368214], dtype=float32)]",-0.21676362,0.58165056,0.08501346,0.6059098,-0.5185407,0.5573913
132,0,ZINClr00000cUS4A,0.936876,0.9589667,0.94838583,0.94838583,0,0.9339985,0.851739,0.33411068,0.5550608,[0.9605149  0.86820626],"[array([0.9605149, 0.5106583], dtype=float32)
 array([0.94838583, 0.86820626], dtype=float32)]",0.3245885,0.42772222,0.13688897,0.50553405,0.51228803,0.34991038
133,0,ZINCnp000002FaI8,0.9567053,0.9557241,0.9610898,0.9610898,0,0.95560914,0.93677384,0.31472662,0.47161064,[0.956944   0.92325336],"[array([0.956944 , 0.6077805], dtype=float32)
 array([0.9610898 , 0.92325336], dtype=float32)]",-0.16594672,0.6642846,-0.58992684,0.7821855,0.2580334,0.5463837
134,0,ZINCpE0000068jIE,0.94865954,0.95994264,0.96899325,0.96899325,0,0.94357604,0.9051541,0.31090185,0.43914685,[0.9596533 0.8616833],"[array([0.9596533, 0.5747318], dtype=float32)
 array([0.96899325, 0.8616833 ], dtype=float32)]",-0.73692024,0.7694421,-0.7746061,0.7562417,-0.6992344,0.7826424
135,0,ZINCnB000000ToVm,0.9597641,0.964099,0.97137135,0.97137135,0,0.95686233,0.9547066,0.31063634,0.42949688,[0.96363455 0.89018303],"[array([0.96363455, 0.6266383 ], dtype=float32)
 array([0.97137135, 0.89018303], dtype=float32)]",-0.7616755,0.91045976,-0.7486353,0.9580088,-0.7747156,0.8629106
136,0,ZINCly000001VHWa,0.94491655,0.96376646,0.9753499,0.9753499,0,0.93730813,0.8706578,0.29532588,0.39024198,[0.96301544 0.9502804 ],"[array([0.96301544, 0.69891566], dtype=float32)
 array([0.9753499, 0.9502804], dtype=float32)]",0.5834466,0.67335457,0.07651466,0.8814627,1.0903786,0.46524647
137,0,ZINCmC000001yiDh,0.9590821,0.9527929,0.96434873,0.96434873,0,0.9577655,0.9497513,0.32412952,0.45694166,[0.9532257  0.90594053],"[array([0.9532257 , 0.55324644], dtype=float32)
 array([0.96434873, 0.90594053], dtype=float32)]",-1.1816599,0.87768525,-2.1434035,0.9995988,-0.21991622,0.7557717
138,0,ZINCnp000002FvsT,0.933211,0.9597594,0.95751697,0.95751697,0,0.9271346,0.84124476,0.328378,0.5030462,[0.9604537 0.9257551],"[array([0.9604537 , 0.65259886], dtype=float32)
 array([0.95751697, 0.9257551 ], dtype=float32)]",0.6736983,0.67744076,0.5872109,0.674332,0.7601858,0.6805495
139,0,ZINClK000005N23f,0.9562432,0.9566923,0.97070616,0.97070616,0,0.9526275,0.93606883,0.31092086,0.4290906,[0.9563498  0.91158843],"[array([0.9563498, 0.5940393], dtype=float32)
 array([0.97070616, 0.91158843], dtype=float32)]",-1.4449818,0.7539674,-1.8073779,0.96276987,-1.0825856,0.54516494
140,0,ZINCly000001PMzs,0.95623267,0.9574202,0.97738147,0.97738147,0,0.9509455,0.924868,0.2976467,0.37447625,[0.9561695  0.90594107],"[array([0.9561695, 0.6460128], dtype=float32)
 array([0.97738147, 0.90594107], dtype=float32)]",0.23195305,0.6017807,0.07859587,0.71576625,0.38531023,0.48779517
141,0,ZINCjB0000054IeD,0.9465729,0.9660116,0.959247,0.959247,0,0.9434044,0.8963177,0.30823705,0.50731575,[0.9683111 0.9154561],"[array([0.9683111 , 0.58705086], dtype=float32)
 array([0.959247 , 0.9154561], dtype=float32)]",-0.009836942,0.53143203,-0.70112216,0.74457103,0.6814483,0.318293
142,0,ZINCow000000xX4A,0.9582599,0.957585,0.96812147,0.96812147,0,0.9557945,0.9590243,0.31143713,0.418254,[0.9569892  0.89286274],"[array([0.9569892, 0.6252513], dtype=float32)
 array([0.96812147, 0.89286274], dtype=float32)]",-0.84201807,0.8294356,-1.322831,0.92877567,-0.3612051,0.7300955
143,0,ZINCmD000001Kd2N,0.92838115,0.9452514,0.9400497,0.9400497,0,0.92546403,0.80678654,0.35395107,0.626999,[0.94790727 0.85127395],"[array([0.94790727, 0.49879277], dtype=float32)
 array([0.9400497 , 0.85127395], dtype=float32)]",-0.30860403,0.6153631,-0.87085533,0.78906226,0.25364727,0.44166404
144,0,ZINCoz000003wR89,0.95188504,0.9468195,0.96735895,0.96735895,0,0.9480165,0.92945087,0.33188033,0.46046805,[0.94485974 0.899068  ],"[array([0.94485974, 0.61250764], dtype=float32)
 array([0.96735895, 0.899068  ], dtype=float32)]",-0.43431038,0.6443625,-0.5475097,0.7742134,-0.32111108,0.51451164
145,0,ZINCnm0000098KRK,0.9485146,0.9609018,0.9592149,0.9592149,0,0.9458395,0.90850514,0.3177589,0.48062766,[0.9614894 0.8990546],"[array([0.9614894 , 0.64288765], dtype=float32)
 array([0.9592149, 0.8990546], dtype=float32)]",0.7421181,0.31428295,0.5190847,0.398764,0.9651516,0.22980188
146,0,ZINChw000000Y02S,0.9468376,0.95694536,0.9566211,0.9566211,0,0.9443917,0.8931958,0.3183015,0.5235546,[0.9576805  0.88028926],"[array([0.9576805 , 0.48376083], dtype=float32)
 array([0.9566211 , 0.88028926], dtype=float32)]",0.3652262,0.22653234,0.18115535,0.17848687,0.54929703,0.2745778
147,0,ZINCpA000000MfCO,0.92966413,0.95585626,0.9402489,0.9402489,0,0.927018,0.8544942,0.35206345,0.6064119,[0.9586703  0.86187017],"[array([0.9586703 , 0.53776467], dtype=float32)
 array([0.9402489 , 0.86187017], dtype=float32)]",-0.4419157,0.58156717,-0.3731165,0.6743327,-0.5107149,0.48880172
148,0,ZINCpN00000brPS8,0.93371135,0.94768554,0.948244,0.948244,0,0.93007815,0.84387636,0.34756994,0.55942905,[0.9484774 0.8870775],"[array([0.9484774 , 0.60062593], dtype=float32)
 array([0.948244 , 0.8870775], dtype=float32)]",0.20828967,0.5443305,0.45414445,0.5501292,-0.037565123,0.53853184
149,0,ZINCmr000000vPdY,0.9272872,0.9481112,0.9555652,0.9555652,0,0.9202177,0.8219271,0.3377708,0.50035137,[0.94809794 0.8953239 ],"[array([0.94809794, 0.57827246], dtype=float32)
 array([0.9555652, 0.8953239], dtype=float32)]",0.7850963,0.40299988,0.27634174,0.54337716,1.2938509,0.2626226
150,0,ZINCpa000000wKFm,0.9224211,0.9343567,0.92200524,0.92200524,0,0.922525,0.8254309,0.3876766,0.7431427,[0.9365856 0.9026425],"[array([0.9365856, 0.5710329], dtype=float32)
 array([0.92200524, 0.9026425 ], dtype=float32)]",1.1232438,0.11188613,0.49929005,0.06731675,1.7471976,0.1564555
151,0,ZINCoh00000pFTGo,0.9575862,0.9616407,0.9708292,0.9708292,0,0.9542755,0.93753046,0.2984395,0.4148877,[0.9623837 0.9624018],"[array([0.9623837 , 0.70534635], dtype=float32)
 array([0.9708292, 0.9624018], dtype=float32)]",0.86035454,0.16942167,0.69764906,0.13060492,1.02306,0.20823841
152,0,ZINCkm00000y7LtO,0.9456154,0.9452127,0.95360243,0.95360243,0,0.9436186,0.9053898,0.33842644,0.5084171,[0.94593364 0.8502489 ],"[array([0.94593364, 0.5253357 ], dtype=float32)
 array([0.95360243, 0.8502489 ], dtype=float32)]",0.2668663,0.36399853,-0.48138696,0.53319097,1.0151196,0.19480613
153,0,ZINCnd000000Qfej,0.954693,0.9537853,0.96667993,0.96667993,0,0.9516963,0.9436233,0.32193995,0.4523097,[0.9529653 0.9240132],"[array([0.9529653 , 0.64620876], dtype=float32)
 array([0.96667993, 0.9240132 ], dtype=float32)]",1.4825454,0.52473736,1.4581641,0.68915826,1.5069267,0.3603164
154,0,ZINCoP000005SGZf,0.9528765,0.95875174,0.96521354,0.96521354,0,0.9497922,0.93195945,0.31485844,0.45349145,[0.9593154  0.93745583],"[array([0.9593154, 0.6653789], dtype=float32)
 array([0.96521354, 0.93745583], dtype=float32)]",-0.5966365,0.753708,-1.2995619,0.94872063,0.106288955,0.55869544
155,0,ZINCnR00000499cL,0.93707114,0.95445436,0.96867067,0.96867067,0,0.9291712,0.8376582,0.31280515,0.43466708,[0.9534726  0.89945847],"[array([0.9534726, 0.6047735], dtype=float32)
 array([0.96867067, 0.89945847], dtype=float32)]",-0.8498565,0.70947737,-1.4052972,0.95663077,-0.29441577,0.462324
156,0,ZINClq000000azrm,0.9265768,0.94721603,0.9220296,0.9220296,0,0.9277136,0.83722156,0.35664022,0.7135769,[0.9514019 0.8945024],"[array([0.9514019, 0.5166257], dtype=float32)
 array([0.9220296, 0.8945024], dtype=float32)]",1.0648005,0.4125542,1.1864346,0.5330535,0.9431664,0.2920549
157,0,ZINCnB00000rhmT8,0.9262206,0.95377463,0.94713753,0.94713753,0,0.92099136,0.8092121,0.34989616,0.57190186,[0.95541936 0.88617694],"[array([0.95541936, 0.5443351 ], dtype=float32)
 array([0.94713753, 0.88617694], dtype=float32)]",-0.6806693,0.64764667,-0.41182306,0.66308737,-0.9495155,0.63220596
158,0,ZINCkf000004SRDn,0.94476694,0.9558989,0.9718899,0.9718899,0,0.93798614,0.86701703,0.30636686,0.4043084,[0.9543649 0.9468916],"[array([0.9543649, 0.6777717], dtype=float32)
 array([0.9718899, 0.9468916], dtype=float32)]",1.1234148,0.3686887,0.8188206,0.4136557,1.4280088,0.3237217
159,0,ZINCmu0000019Qv6,0.9307936,0.9476802,0.95728433,0.95728433,0,0.92417085,0.83190566,0.34284407,0.52239734,[0.9479738 0.9158614],"[array([0.9479738, 0.5708024], dtype=float32)
 array([0.95728433, 0.9158614 ], dtype=float32)]",0.46986586,0.5885629,0.031661406,0.7415177,0.9080703,0.4356081
160,0,ZINCkz000003CQUI,0.9570419,0.95105225,0.9644975,0.9644975,0,0.955178,0.9450017,0.31577447,0.44901392,[0.95045954 0.9597295 ],"[array([0.95045954, 0.6709202 ], dtype=float32)
 array([0.9644975, 0.9597295], dtype=float32)]",0.25781727,0.5670341,-0.11162783,0.79376405,0.62726235,0.34030417
161,0,ZINCnz000000cR8m,0.959624,0.9642636,0.97924554,0.97924554,0,0.9547186,0.9442686,0.29555386,0.36745477,[0.962766  0.7811232],"[array([0.962766  , 0.52517915], dtype=float32)
 array([0.97924554, 0.7811232 ], dtype=float32)]",-0.76801157,0.64005387,-1.685521,0.80366415,0.14949791,0.47644353
162,0,ZINCks000003pmga,0.9391142,0.9576027,0.95668644,0.95668644,0,0.9347212,0.84611434,0.31917244,0.5152913,[0.95999426 0.9629647 ],"[array([0.95999426, 0.65362304], dtype=float32)
 array([0.95668644, 0.9629647 ], dtype=float32)]",0.83732545,0.54613376,0.8836084,0.8256456,0.7910425,0.26662183
163,0,ZINCmx000001ZZ7t,0.94981045,0.9504713,0.9496156,0.9496156,0,0.94985914,0.913278,0.3296439,0.5316135,[0.95217043 0.91197157],"[array([0.95217043, 0.6007858 ], dtype=float32)
 array([0.9496156 , 0.91197157], dtype=float32)]",0.12597683,0.39704207,0.34583813,0.42586026,-0.09388447,0.36822388
164,0,ZINClb00000y7GgE,0.95367336,0.95628077,0.96954465,0.96954465,0,0.9497056,0.9277478,0.31912935,0.42441854,[0.9549244  0.92092717],"[array([0.9549244 , 0.66653246], dtype=float32)
 array([0.96954465, 0.92092717], dtype=float32)]",1.3721735,0.04108301,1.2635702,0.011902,1.480777,0.07026403
165,0,ZINCkp0000068Coq,0.9413428,0.96062833,0.9638063,0.9638063,0,0.9357268,0.8673944,0.30984935,0.45712548,[0.9615947 0.8950252],"[array([0.9615947 , 0.59195364], dtype=float32)
 array([0.9638063, 0.8950252], dtype=float32)]",1.1791828,0.2969215,0.88491523,0.41226557,1.4734504,0.18157738
166,0,ZINCnv00000a4GUI,0.9504569,0.96831656,0.9758945,0.9758945,0,0.9440975,0.9138811,0.29389867,0.38736913,[0.9683248  0.94069374],"[array([0.9683248, 0.6924801], dtype=float32)
 array([0.9758945 , 0.94069374], dtype=float32)]",-1.363032,0.8901941,-1.8536776,0.9546567,-0.8723863,0.8257315
167,0,ZINCmE0000022EDZ,0.95158654,0.9568761,0.9716717,0.9716717,0,0.9465652,0.91591024,0.30752832,0.40713647,[0.95566744 0.89085746],"[array([0.95566744, 0.6039394 ], dtype=float32)
 array([0.9716717 , 0.89085746], dtype=float32)]",-0.5117177,0.87847704,-1.2573617,0.97741437,0.23392627,0.7795397
168,0,ZINCpH000001btVu,0.9510897,0.942938,0.9431396,0.9431396,0,0.95307714,0.9451321,0.36938554,0.6280578,[0.9446084 0.8268637],"[array([0.9446084, 0.4787317], dtype=float32)
 array([0.9431396, 0.8268637], dtype=float32)]",-0.5179502,0.68051314,-0.7052407,0.8132451,-0.33065963,0.5477811
169,0,ZINCmq0000008RQw,0.9579577,0.9551422,0.97522634,0.97522634,0,0.95364046,0.9333673,0.30684578,0.38157466,[0.9531112 0.8835818],"[array([0.9531112, 0.624349 ], dtype=float32)
 array([0.97522634, 0.8835818 ], dtype=float32)]",0.773206,0.7385118,0.70966935,0.9247866,0.8367426,0.552237
170,0,ZINCnt000001aWzC,0.9440075,0.95056486,0.9379242,0.9379242,0,0.94552827,0.908405,0.34413594,0.6010057,[0.9548898  0.88439333],"[array([0.9548898 , 0.52947134], dtype=float32)
 array([0.9379242 , 0.88439333], dtype=float32)]",0.41561538,0.17935222,0.3851088,0.12647498,0.446122,0.23222947
171,0,ZINCjA000003zfsG,0.94676894,0.95835054,0.94288325,0.94288325,0,0.9477403,0.89464253,0.33066708,0.57289875,[0.96113473 0.8645636 ],"[array([0.96113473, 0.51312697], dtype=float32)
 array([0.94288325, 0.8645636 ], dtype=float32)]",-0.27362677,0.48784018,-0.739018,0.5772716,0.19176447,0.39840877
172,0,ZINCjh0000032uW2,0.94055575,0.94940716,0.9162019,0.9162019,0,0.9466442,0.9191625,0.36938754,0.7619245,[0.9541456 0.8986264],"[array([0.9541456 , 0.47895366], dtype=float32)
 array([0.9162019, 0.8986264], dtype=float32)]",0.2893833,0.2659907,0.06169662,0.24682818,0.51706994,0.28515324
173,0,ZINCjA000009PXDk,0.9467849,0.9571131,0.96353704,0.96353704,0,0.94259685,0.908021,0.31525207,0.4603826,[0.9583496  0.93835443],"[array([0.9583496, 0.5937962], dtype=float32)
 array([0.96353704, 0.93835443], dtype=float32)]",0.034385577,0.6723024,-0.3639235,0.8511922,0.43269464,0.4934127
174,0,ZINCj400000flFQp,0.95873433,0.9513227,0.9658077,0.9658077,0,0.9569659,0.9531577,0.32606685,0.43981844,[0.9502566 0.9545326],"[array([0.9502566 , 0.66850996], dtype=float32)
 array([0.9658077, 0.9545326], dtype=float32)]",1.8130665,0.16425633,2.1756501,0.018872432,1.4504827,0.30964023
175,0,ZINCmB000001eEnn,0.93255645,0.94926304,0.9322435,0.9322435,0,0.9326347,0.84466815,0.35016918,0.64280915,[0.9533029  0.95380074],"[array([0.9533029, 0.5843125], dtype=float32)
 array([0.9322435 , 0.95380074], dtype=float32)]",-0.8967918,0.85086787,-1.2561752,0.98089886,-0.5374085,0.72083694
176,0,ZINCpw00000bohm8,0.9154726,0.9494725,0.9561753,0.9561753,0,0.9052969,0.7564767,0.3409557,0.53785837,[0.9496497 0.8894037],"[array([0.9496497, 0.5983127], dtype=float32)
 array([0.9561753, 0.8894037], dtype=float32)]",0.033938617,0.48365545,-0.4366566,0.7016528,0.5045338,0.26565808
177,0,ZINCpH000001rOxI,0.90814495,0.94794524,0.92431444,0.92431444,0,0.90410256,0.7036599,0.35360134,0.6824101,[0.95404077 0.9335236 ],"[array([0.95404077, 0.57993805], dtype=float32)
 array([0.92431444, 0.9335236 ], dtype=float32)]",-0.2709275,0.59836644,-0.97014594,0.7686285,0.42829096,0.4281044
178,0,ZINCoD00000s4QyH,0.9398942,0.9554226,0.9633705,0.9633705,0,0.93402517,0.8538295,0.31727695,0.4606773,[0.9554532  0.87099916],"[array([0.9554532 , 0.54687977], dtype=float32)
 array([0.9633705 , 0.87099916], dtype=float32)]",-0.6197225,0.68042666,-1.0234988,0.86890626,-0.21594626,0.49194703
179,0,ZINCoS000006rHKE,0.9575534,0.95600975,0.9742404,0.9742404,0,0.9533816,0.94730014,0.30886808,0.39507246,[0.9545656 0.8771319],"[array([0.9545656, 0.5698888], dtype=float32)
 array([0.9742404, 0.8771319], dtype=float32)]",-1.6565609,0.82605535,-2.1789846,0.99356693,-1.134137,0.65854377
180,0,ZINCky000001s995,0.9259384,0.9481268,0.94291633,0.94291633,0,0.9216939,0.79148746,0.35201758,0.5944956,[0.9505001 0.879502 ],"[array([0.9505001, 0.4896947], dtype=float32)
 array([0.94291633, 0.879502  ], dtype=float32)]",-0.71317965,0.6862087,-1.1010882,0.955312,-0.32527116,0.41710547
181,0,ZINCnB000000Qizo,0.94389105,0.9652672,0.9757305,0.9757305,0,0.93593115,0.85327387,0.2920868,0.39287806,[0.9647993 0.935466 ],"[array([0.9647993 , 0.67886496], dtype=float32)
 array([0.9757305, 0.935466 ], dtype=float32)]",-0.4224521,0.77659684,-0.6139936,0.96081996,-0.23091057,0.5923737
182,0,ZINCpH000001uuYF,0.9294611,0.95101744,0.9432855,0.9432855,0,0.926005,0.8385397,0.3477236,0.56502885,[0.9526479  0.84621185],"[array([0.9526479, 0.4840849], dtype=float32)
 array([0.9432855 , 0.84621185], dtype=float32)]",-1.1203487,0.7979617,-1.5800958,0.9068453,-0.66060156,0.6890781
183,0,ZINCmw000001Mjhn,0.9481539,0.9545669,0.9447645,0.9447645,0,0.94900125,0.923102,0.3366893,0.5557779,[0.9569706 0.8646245],"[array([0.9569706 , 0.56272286], dtype=float32)
 array([0.9447645, 0.8646245], dtype=float32)]",0.26451397,0.44672883,-0.37079448,0.57548046,0.8998224,0.31797716
184,0,ZINCpy000000UB5U,0.95570385,0.960881,0.96352154,0.96352154,0,0.95374936,0.9375655,0.31240112,0.46292967,[0.96184856 0.86298436],"[array([0.96184856, 0.5478727 ], dtype=float32)
 array([0.96352154, 0.86298436], dtype=float32)]",-0.012096524,0.7389226,-0.82417727,0.9255093,0.7999842,0.55233586
185,0,ZINCnw00000mNWcQ,0.9590759,0.95407575,0.9729228,0.9729228,0,0.95561427,0.965284,0.32361448,0.41344163,[0.95201963 0.8469368 ],"[array([0.95201963, 0.5451946 ], dtype=float32)
 array([0.9729228, 0.8469368], dtype=float32)]",0.2988136,0.5384291,0.2414715,0.70132303,0.35615572,0.3755351
186,0,ZINCoe00000EM4uF,0.94861335,0.94281554,0.9517517,0.9517517,0,0.9478288,0.927362,0.3603417,0.52193594,[0.9423047  0.92244446],"[array([0.9423047 , 0.58346444], dtype=float32)
 array([0.9517517 , 0.92244446], dtype=float32)]",2.0083566,0.068829104,2.3431625,0.05246677,1.6735508,0.085191436
187,0,ZINCox00000eEHly,0.9480902,0.9520729,0.95905656,0.95905656,0,0.94534856,0.9332306,0.33097562,0.48162934,[0.95221746 0.8760618 ],"[array([0.95221746, 0.6420577 ], dtype=float32)
 array([0.95905656, 0.8760618 ], dtype=float32)]",-0.031908467,0.72978485,-0.31385207,0.86957407,0.25003514,0.5899956
188,0,ZINCoI000003uvro,0.9480788,0.94773513,0.97043955,0.97043955,0,0.9424886,0.9017317,0.32990968,0.4421912,[0.9454476  0.89991933],"[array([0.9454476, 0.6037973], dtype=float32)
 array([0.97043955, 0.89991933], dtype=float32)]",-0.7528803,0.86932373,-0.91600424,0.9601453,-0.5897563,0.7785022
189,0,ZINCjB000003JwXm,0.93679917,0.96534604,0.9644288,0.9644288,0,0.92989177,0.8416886,0.30462018,0.46181503,[0.966523   0.94859576],"[array([0.966523 , 0.6137132], dtype=float32)
 array([0.9644288 , 0.94859576], dtype=float32)]",0.15021363,0.5106798,-0.3627414,0.7990865,0.66316867,0.2222731
190,0,ZINCjC000003NvlV,0.94536346,0.9543254,0.9595559,0.9595559,0,0.9418153,0.8893425,0.32206452,0.4896333,[0.95463204 0.8968517 ],"[array([0.95463204, 0.51271236], dtype=float32)
 array([0.9595559, 0.8968517], dtype=float32)]",-0.7924348,0.6971557,-1.7245597,0.9833061,0.13969001,0.41100538
191,0,ZINChs000000PZQY,0.95355767,0.9619244,0.9685281,0.9685281,0,0.94981503,0.9203402,0.3027094,0.4299076,[0.9626736 0.9659505],"[array([0.9626736, 0.7067955], dtype=float32)
 array([0.9685281, 0.9659505], dtype=float32)]",0.2373386,0.26383382,0.36484885,0.32692876,0.10982835,0.20073888
192,0,ZINCoB00000keVjQ,0.9408407,0.95983064,0.9579563,0.9579563,0,0.9365618,0.87715805,0.32032943,0.50588864,[0.9613365  0.91544014],"[array([0.9613365 , 0.59817594], dtype=float32)
 array([0.9579563 , 0.91544014], dtype=float32)]",0.02416464,0.63384676,0.20585889,0.6578759,-0.1575296,0.60981756
193,0,ZINCmm00000241ay,0.9263712,0.95387775,0.9428773,0.9428773,0,0.9222447,0.8046942,0.34932157,0.5831099,[0.9566233 0.8569476],"[array([0.9566233 , 0.45379043], dtype=float32)
 array([0.9428773, 0.8569476], dtype=float32)]",0.0993081,0.57099694,-0.3856871,0.814065,0.5843033,0.32792893
194,0,ZINCnS00000rrr0x,0.94243497,0.9574698,0.96466595,0.96466595,0,0.9368772,0.8760264,0.3162039,0.45434368,[0.95743686 0.8356036 ],"[array([0.95743686, 0.55448157], dtype=float32)
 array([0.96466595, 0.8356036 ], dtype=float32)]",-1.4447849,0.8683933,-2.1297688,0.99898916,-0.759801,0.73779744
195,0,ZINCpH000006kag2,0.9392603,0.9511963,0.9424518,0.9424518,0,0.93846244,0.88599414,0.33870718,0.5729864,[0.95448506 0.8751677 ],"[array([0.95448506, 0.48361874], dtype=float32)
 array([0.9424518, 0.8751677], dtype=float32)]",-0.7448215,0.6949481,-1.0346367,0.7817095,-0.45500624,0.6081866
196,0,ZINCnA000000BVHc,0.95617944,0.95554745,0.97009975,0.97009975,0,0.9526993,0.9366073,0.3125756,0.4160229,[0.9541719  0.90031224],"[array([0.9541719, 0.6098883], dtype=float32)
 array([0.97009975, 0.90031224], dtype=float32)]",-0.27370128,0.72534597,-0.47708964,0.8374994,-0.0703129,0.6131926
197,0,ZINCpQ000008SEiM,0.95396054,0.9566663,0.96372974,0.96372974,0,0.95151824,0.9446809,0.3202263,0.46583754,[0.9573309  0.86658597],"[array([0.9573309, 0.5637725], dtype=float32)
 array([0.96372974, 0.86658597], dtype=float32)]",-1.5560206,0.9196631,-2.2044287,0.99851197,-0.90761256,0.8408141
198,0,ZINCos000000EA8G,0.9507165,0.9457719,0.9636981,0.9636981,0,0.94747114,0.9265587,0.335922,0.43594837,[0.9446175  0.91500133],"[array([0.9446175, 0.630971 ], dtype=float32)
 array([0.9636981 , 0.91500133], dtype=float32)]",0.2277962,0.686013,-0.45766646,0.82047945,0.91325885,0.55154645
199,0,ZINCmm00000p0egA,0.95971185,0.9564747,0.9678982,0.9678982,0,0.95766526,0.95592785,0.31746507,0.4520341,[0.95641005 0.91205436],"[array([0.95641005, 0.6687475 ], dtype=float32)
 array([0.9678982 , 0.91205436], dtype=float32)]",0.96916693,0.07005771,0.15532406,0.08597113,1.7830098,0.054144297
200,0,ZINCky000001snTs,0.94571793,0.95894575,0.9658514,0.9658514,0,0.9406845,0.9045206,0.3089076,0.45186543,[0.95990616 0.9647698 ],"[array([0.95990616, 0.7355083 ], dtype=float32)
 array([0.9658514, 0.9647698], dtype=float32)]",-0.27321377,0.4877509,-0.59332144,0.6066089,0.04689389,0.36889288
201,0,ZINClI000007AjB3,0.9583792,0.9612105,0.9737054,0.9737054,0,0.95454764,0.93453634,0.29648817,0.3914675,[0.96082604 0.9149174 ],"[array([0.96082604, 0.60134447], dtype=float32)
 array([0.9737054, 0.9149174], dtype=float32)]",-0.87227917,0.6811057,-1.1778297,0.88025683,-0.56672865,0.48195451
202,0,ZINCkt000003j1LX,0.9560912,0.9504496,0.966238,0.966238,0,0.9535545,0.94299346,0.3242586,0.44319683,[0.9494039  0.89362395],"[array([0.9494039, 0.5913858], dtype=float32)
 array([0.966238  , 0.89362395], dtype=float32)]",0.26039535,0.6658557,-0.19111125,0.9152676,0.71190196,0.41644382
203,0,ZINCoC00000au8ev,0.95923233,0.94796145,0.9650229,0.9650229,0,0.9577847,0.93853825,0.32544684,0.45051384,[0.94720733 0.90036666],"[array([0.94720733, 0.5821154 ], dtype=float32)
 array([0.9650229 , 0.90036666], dtype=float32)]",0.29993567,0.38565287,-0.052837834,0.3162832,0.6527092,0.45502254
204,0,ZINCkd00000y7vt9,0.9509557,0.9599335,0.9607466,0.9607466,0,0.9485079,0.94319284,0.32085827,0.46660066,[0.96065384 0.8982655 ],"[array([0.96065384, 0.55818415], dtype=float32)
 array([0.9607466, 0.8982655], dtype=float32)]",0.8765131,0.20787558,0.018022306,0.16870965,1.735004,0.2470415
205,0,ZINCpT000009rDVs,0.9523369,0.95003015,0.96061504,0.96061504,0,0.9502674,0.9450293,0.32879916,0.46150085,[0.9494495 0.9007559],"[array([0.9494495, 0.6513679], dtype=float32)
 array([0.96061504, 0.9007559 ], dtype=float32)]",-1.569344,0.86597687,-1.982645,0.9965282,-1.156043,0.73542553
206,0,ZINCmN0000027C8a,0.9498814,0.9551503,0.96720576,0.96720576,0,0.94555026,0.9016192,0.31315124,0.45088297,[0.9549341 0.8845366],"[array([0.9549341, 0.5853969], dtype=float32)
 array([0.96720576, 0.8845366 ], dtype=float32)]",-0.9229732,0.76985097,-1.8364781,0.99741447,-0.009468287,0.54228747
207,0,ZINClC000002OkKB,0.9463065,0.9566232,0.96291435,0.96291435,0,0.9421546,0.8911683,0.31533435,0.4804893,[0.95775026 0.91492665],"[array([0.95775026, 0.637622  ], dtype=float32)
 array([0.96291435, 0.91492665], dtype=float32)]",-0.10309034,0.74669236,-0.29360512,0.85196185,0.08742444,0.64142287
208,0,ZINChm000000FrOo,0.95332193,0.9597158,0.97262675,0.97262675,0,0.9484957,0.9168107,0.30334994,0.3985681,[0.9587292  0.94434226],"[array([0.9587292 , 0.65652883], dtype=float32)
 array([0.97262675, 0.94434226], dtype=float32)]",-0.8527032,0.55850315,-1.3574,0.7843704,-0.3480065,0.33263588
209,0,ZINCnC000001ix5M,0.92033976,0.9370318,0.9138067,0.9138067,0,0.921973,0.80410314,0.39380875,0.7875988,[0.9433962 0.8440912],"[array([0.9433962, 0.4559345], dtype=float32)
 array([0.9138067, 0.8440912], dtype=float32)]",0.08141152,0.516112,-0.16352747,0.63304716,0.3263505,0.3991769
210,0,ZINCkQ00000C3eFS,0.94841,0.95685357,0.9487922,0.9487922,0,0.94831437,0.9217161,0.32056904,0.52018434,[0.9591917  0.86397636],"[array([0.9591917 , 0.49255118], dtype=float32)
 array([0.9487922 , 0.86397636], dtype=float32)]",-0.9125458,0.6273364,-1.3761541,0.76939046,-0.4489375,0.48528233
211,0,ZINCpA000000EL3g,0.958995,0.9576489,0.9690052,0.9690052,0,0.95649236,0.9504563,0.30947998,0.42560214,[0.9568436  0.87911046],"[array([0.9568436 , 0.67900306], dtype=float32)
 array([0.9690052 , 0.87911046], dtype=float32)]",-0.43162933,0.6711328,-0.8060119,0.8855931,-0.057246726,0.4566725
212,0,ZINCjc000002DcFK,0.95215464,0.9621124,0.96847844,0.96847844,0,0.9480737,0.9242951,0.31365564,0.45610255,[0.9618307  0.88283324],"[array([0.9618307 , 0.59865224], dtype=float32)
 array([0.96847844, 0.88283324], dtype=float32)]",1.5128735,0.21592149,1.5464488,0.3070321,1.4792982,0.12481086
213,0,ZINClC000002MBQJ,0.93833953,0.94483966,0.9328044,0.9328044,0,0.93972325,0.86968654,0.36350626,0.62736297,[0.94676524 0.840287  ],"[array([0.94676524, 0.4693356 ], dtype=float32)
 array([0.9328044, 0.840287 ], dtype=float32)]",-0.96044195,0.8311213,-0.87262183,0.9847814,-1.0482621,0.6774613
214,0,ZINCnB000005hLhd,0.95594996,0.95128715,0.9663636,0.9663636,0,0.95334655,0.9415893,0.32097858,0.44409648,[0.95030886 0.9241159 ],"[array([0.95030886, 0.6256897 ], dtype=float32)
 array([0.9663636, 0.9241159], dtype=float32)]",-0.010726675,0.76677126,-0.37617666,0.8799601,0.3547233,0.6535824
215,0,ZINClx000001Iziw,0.9547979,0.96832895,0.97289395,0.97289395,0,0.95027393,0.90932703,0.29509982,0.404113,[0.96842563 0.92035425],"[array([0.96842563, 0.6527168 ], dtype=float32)
 array([0.97289395, 0.92035425], dtype=float32)]",-0.8654846,0.8432056,-1.3242466,0.97694814,-0.40672258,0.70946294
216,0,ZINCpD000001WYwz,0.9468298,0.9488468,0.95881736,0.95881736,0,0.94383293,0.8915731,0.335641,0.49332803,[0.94832104 0.8907948 ],"[array([0.94832104, 0.58201385], dtype=float32)
 array([0.95881736, 0.8907948 ], dtype=float32)]",-0.9616302,0.9244062,-1.1784793,0.9380583,-0.74478114,0.9107541
217,0,ZINClt000000RQxQ,0.9401785,0.9584441,0.9507501,0.9507501,0,0.9375355,0.85845196,0.32439837,0.52906877,[0.96054024 0.8661642 ],"[array([0.96054024, 0.55703056], dtype=float32)
 array([0.9507501, 0.8661642], dtype=float32)]",0.42778856,0.50306237,0.16208905,0.6998688,0.69348806,0.30625594
218,0,ZINCnB000000YT44,0.9165824,0.93943924,0.93015325,0.93015325,0,0.91318965,0.8082526,0.3749328,0.6567948,[0.94312865 0.8761831 ],"[array([0.94312865, 0.5028408 ], dtype=float32)
 array([0.93015325, 0.8761831 ], dtype=float32)]",-1.0404541,0.8015951,-1.7825563,0.96710336,-0.298352,0.63608676
219,0,ZINClB000002x6WK,0.9553674,0.9432971,0.9617545,0.9617545,0,0.95377064,0.94093275,0.33925515,0.46334314,[0.9424441 0.8967085],"[array([0.9424441, 0.6086848], dtype=float32)
 array([0.9617545, 0.8967085], dtype=float32)]",-0.6391737,0.64851975,-0.8315796,0.7043278,-0.44676772,0.5927117
220,0,ZINCnA000000rWBD,0.9527317,0.9578017,0.9716726,0.9716726,0,0.9479965,0.9399029,0.3143249,0.4313113,[0.9575548  0.92222655],"[array([0.9575548, 0.6331912], dtype=float32)
 array([0.9716726 , 0.92222655], dtype=float32)]",-0.13891086,0.49453104,-0.0294269,0.52779645,-0.24839482,0.46126562
221,0,ZINCmG000002rz3M,0.9560315,0.9526158,0.9727954,0.9727954,0,0.9518405,0.9441543,0.32053587,0.42541116,[0.9509177 0.8917661],"[array([0.9509177, 0.5740475], dtype=float32)
 array([0.9727954, 0.8917661], dtype=float32)]",-0.8258483,0.7179909,-1.3307428,0.8405134,-0.32095373,0.5954683